企画ID,企画タイトル,配信開始日,配信終了日,有効開始日,有効終了日,配信対象者,付与対象者,配信媒体,個数/金額,ごと/以上,最低購入金額,回数制限,付与ポイント数,JANBOX条件,JANBOX,JAN,製品名,みなし個数,配信ステータス
4736,＼期間中1回限り／1000円以上ご購入で10ポイント！,"2022am0208008.2022-08-02T00:00:00+00:002022080820228.22UTCamTue, 02 Aug 2022 00:00:00 +00008am0208008.2022-08-02T00:00:00+00:002022080820228.082022831122am0208008.2022-08-02T00:00:00+00:002022080820228.02am22","2022pm0408598.2022-08-04T23:59:59+00:002022080820228.22UTCpmThu, 04 Aug 2022 23:59:59 +00008pm0408598.2022-08-04T23:59:59+00:002022080820228.082022831114pm0408598.2022-08-04T23:59:59+00:002022080820228.04pm22","2022am0208008.2022-08-02T00:00:00+00:002022080820228.22UTCamTue, 02 Aug 2022 00:00:00 +00008am0208008.2022-08-02T00:00:00+00:002022080820228.082022831122am0208008.2022-08-02T00:00:00+00:002022080820228.02am22","2022pm0408598.2022-08-04T23:59:59+00:002022080820228.22UTCpmThu, 04 Aug 2022 23:59:59 +00008pm0408598.2022-08-04T23:59:59+00:002022080820228.082022831114pm0408598.2022-08-04T23:59:59+00:002022080820228.04pm22",,,"rabi media",,,1000,,10,,0,,,,admin.common.normal
4737,＼期間中1回限り／1000円以上ご購入で10ポイント！,"2022am0908008.2022-08-09T00:00:00+00:002022080820228.22UTCamTue, 09 Aug 2022 00:00:00 +00008am0908008.2022-08-09T00:00:00+00:002022080820228.082022831129am0908008.2022-08-09T00:00:00+00:002022080820228.09am22","2022pm1108598.2022-08-11T23:59:59+00:002022080820228.22UTCpmThu, 11 Aug 2022 23:59:59 +00008pm1108598.2022-08-11T23:59:59+00:002022080820228.0820228311111pm1108598.2022-08-11T23:59:59+00:002022080820228.11pm22","2022am0908008.2022-08-09T00:00:00+00:002022080820228.22UTCamTue, 09 Aug 2022 00:00:00 +00008am0908008.2022-08-09T00:00:00+00:002022080820228.082022831129am0908008.2022-08-09T00:00:00+00:002022080820228.09am22","2022pm1108598.2022-08-11T23:59:59+00:002022080820228.22UTCpmThu, 11 Aug 2022 23:59:59 +00008pm1108598.2022-08-11T23:59:59+00:002022080820228.0820228311111pm1108598.2022-08-11T23:59:59+00:002022080820228.11pm22",,,"rabi media",,,1000,,10,,0,,,,admin.common.normal
4738,＼期間中1回限り／1000円以上ご購入で10ポイント！,"2022am1608008.2022-08-16T00:00:00+00:002022080820228.22UTCamTue, 16 Aug 2022 00:00:00 +00008am1608008.2022-08-16T00:00:00+00:002022080820228.0820228311216am1608008.2022-08-16T00:00:00+00:002022080820228.16am22","2022pm1808598.2022-08-18T23:59:59+00:002022080820228.22UTCpmThu, 18 Aug 2022 23:59:59 +00008pm1808598.2022-08-18T23:59:59+00:002022080820228.0820228311118pm1808598.2022-08-18T23:59:59+00:002022080820228.18pm22","2022am1608008.2022-08-16T00:00:00+00:002022080820228.22UTCamTue, 16 Aug 2022 00:00:00 +00008am1608008.2022-08-16T00:00:00+00:002022080820228.0820228311216am1608008.2022-08-16T00:00:00+00:002022080820228.16am22","2022pm1808598.2022-08-18T23:59:59+00:002022080820228.22UTCpmThu, 18 Aug 2022 23:59:59 +00008pm1808598.2022-08-18T23:59:59+00:002022080820228.0820228311118pm1808598.2022-08-18T23:59:59+00:002022080820228.18pm22",,,"rabi media",,,1000,,10,,0,,,,admin.common.normal
4739,＼期間中1回限り／1000円以上ご購入で10ポイント！,"2022am2308008.2022-08-23T00:00:00+00:002022080820228.22UTCamTue, 23 Aug 2022 00:00:00 +00008am2308008.2022-08-23T00:00:00+00:002022080820228.0820228311223am2308008.2022-08-23T00:00:00+00:002022080820228.23am22","2022pm2508598.2022-08-25T23:59:59+00:002022080820228.22UTCpmThu, 25 Aug 2022 23:59:59 +00008pm2508598.2022-08-25T23:59:59+00:002022080820228.0820228311125pm2508598.2022-08-25T23:59:59+00:002022080820228.25pm22","2022am2308008.2022-08-23T00:00:00+00:002022080820228.22UTCamTue, 23 Aug 2022 00:00:00 +00008am2308008.2022-08-23T00:00:00+00:002022080820228.0820228311223am2308008.2022-08-23T00:00:00+00:002022080820228.23am22","2022pm2508598.2022-08-25T23:59:59+00:002022080820228.22UTCpmThu, 25 Aug 2022 23:59:59 +00008pm2508598.2022-08-25T23:59:59+00:002022080820228.0820228311125pm2508598.2022-08-25T23:59:59+00:002022080820228.25pm22",,,"rabi media",,,1000,,10,,0,,,,admin.common.normal
4759,"【1回限り】ねぎたっぷりアンガスビーフのプルコギ  各種","2022am0108008.2022-08-01T00:00:00+00:002022080820228.22UTCamMon, 01 Aug 2022 00:00:00 +00008am0108008.2022-08-01T00:00:00+00:002022080820228.082022831121am0108008.2022-08-01T00:00:00+00:002022080820228.01am22","2022pm3108598.2022-08-31T23:59:59+00:002022080820228.22UTCpmWed, 31 Aug 2022 23:59:59 +00008pm3108598.2022-08-31T23:59:59+00:002022080820228.0820228311131pm3108598.2022-08-31T23:59:59+00:002022080820228.31pm22","2022am0108008.2022-08-01T00:00:00+00:002022080820228.22UTCamMon, 01 Aug 2022 00:00:00 +00008am0108008.2022-08-01T00:00:00+00:002022080820228.082022831121am0108008.2022-08-01T00:00:00+00:002022080820228.01am22","2022pm3108598.2022-08-31T23:59:59+00:002022080820228.22UTCpmWed, 31 Aug 2022 23:59:59 +00008pm3108598.2022-08-31T23:59:59+00:002022080820228.0820228311131pm3108598.2022-08-31T23:59:59+00:002022080820228.31pm22",,,"rabi media",1,,,,20,,1,2647368000000,"uff2eu30a2u30f3u30acu30b9u725bu30d7u30ebu30b3u30aeuff2d/Pu3000  300uff47",1,admin.common.normal
4759,"【1回限り】ねぎたっぷりアンガスビーフのプルコギ  各種","2022am0108008.2022-08-01T00:00:00+00:002022080820228.22UTCamMon, 01 Aug 2022 00:00:00 +00008am0108008.2022-08-01T00:00:00+00:002022080820228.082022831121am0108008.2022-08-01T00:00:00+00:002022080820228.01am22","2022pm3108598.2022-08-31T23:59:59+00:002022080820228.22UTCpmWed, 31 Aug 2022 23:59:59 +00008pm3108598.2022-08-31T23:59:59+00:002022080820228.0820228311131pm3108598.2022-08-31T23:59:59+00:002022080820228.31pm22","2022am0108008.2022-08-01T00:00:00+00:002022080820228.22UTCamMon, 01 Aug 2022 00:00:00 +00008am0108008.2022-08-01T00:00:00+00:002022080820228.082022831121am0108008.2022-08-01T00:00:00+00:002022080820228.01am22","2022pm3108598.2022-08-31T23:59:59+00:002022080820228.22UTCpmWed, 31 Aug 2022 23:59:59 +00008pm3108598.2022-08-31T23:59:59+00:002022080820228.0820228311131pm3108598.2022-08-31T23:59:59+00:002022080820228.31pm22",,,"rabi media",1,,,,20,,1,2697223000000,u306du304eu305fu3063u3077u308au30d7u30ebu30b3u30aeuff2c/Pu3000500uff47,1,admin.common.normal
4760,【1回限り】茄子の揚げ浸し（国産長芋入り）各種,"2022am0108008.2022-08-01T00:00:00+00:002022080820228.22UTCamMon, 01 Aug 2022 00:00:00 +00008am0108008.2022-08-01T00:00:00+00:002022080820228.082022831121am0108008.2022-08-01T00:00:00+00:002022080820228.01am22","2022pm1508598.2022-08-15T23:59:59+00:002022080820228.22UTCpmMon, 15 Aug 2022 23:59:59 +00008pm1508598.2022-08-15T23:59:59+00:002022080820228.0820228311115pm1508598.2022-08-15T23:59:59+00:002022080820228.15pm22","2022am0108008.2022-08-01T00:00:00+00:002022080820228.22UTCamMon, 01 Aug 2022 00:00:00 +00008am0108008.2022-08-01T00:00:00+00:002022080820228.082022831121am0108008.2022-08-01T00:00:00+00:002022080820228.01am22","2022pm1508598.2022-08-15T23:59:59+00:002022080820228.22UTCpmMon, 15 Aug 2022 23:59:59 +00008pm1508598.2022-08-15T23:59:59+00:002022080820228.0820228311115pm1508598.2022-08-15T23:59:59+00:002022080820228.15pm22",,,"rabi media",1,,,,10,,1,2600160000000,"u8304u5b50u306eu63dau3052u6d78u3057uff08u56fdu7523u9577u828bu5165u308auff09   1u30d1u30c3u30af",1,admin.common.normal
4760,【1回限り】茄子の揚げ浸し（国産長芋入り）各種,"2022am0108008.2022-08-01T00:00:00+00:002022080820228.22UTCamMon, 01 Aug 2022 00:00:00 +00008am0108008.2022-08-01T00:00:00+00:002022080820228.082022831121am0108008.2022-08-01T00:00:00+00:002022080820228.01am22","2022pm1508598.2022-08-15T23:59:59+00:002022080820228.22UTCpmMon, 15 Aug 2022 23:59:59 +00008pm1508598.2022-08-15T23:59:59+00:002022080820228.0820228311115pm1508598.2022-08-15T23:59:59+00:002022080820228.15pm22","2022am0108008.2022-08-01T00:00:00+00:002022080820228.22UTCamMon, 01 Aug 2022 00:00:00 +00008am0108008.2022-08-01T00:00:00+00:002022080820228.082022831121am0108008.2022-08-01T00:00:00+00:002022080820228.01am22","2022pm1508598.2022-08-15T23:59:59+00:002022080820228.22UTCpmMon, 15 Aug 2022 23:59:59 +00008pm1508598.2022-08-15T23:59:59+00:002022080820228.0820228311115pm1508598.2022-08-15T23:59:59+00:002022080820228.15pm22",,,"rabi media",1,,,,10,,1,2600161000000,u8304u5b50u306eu63dau3052u6d78u3057uff08u56fdu7523u9577u828bu5165u308auff09u3000u5927u30001u30d1u30c3u30af,2,admin.common.normal
4760,【1回限り】茄子の揚げ浸し（国産長芋入り）各種,"2022am0108008.2022-08-01T00:00:00+00:002022080820228.22UTCamMon, 01 Aug 2022 00:00:00 +00008am0108008.2022-08-01T00:00:00+00:002022080820228.082022831121am0108008.2022-08-01T00:00:00+00:002022080820228.01am22","2022pm1508598.2022-08-15T23:59:59+00:002022080820228.22UTCpmMon, 15 Aug 2022 23:59:59 +00008pm1508598.2022-08-15T23:59:59+00:002022080820228.0820228311115pm1508598.2022-08-15T23:59:59+00:002022080820228.15pm22","2022am0108008.2022-08-01T00:00:00+00:002022080820228.22UTCamMon, 01 Aug 2022 00:00:00 +00008am0108008.2022-08-01T00:00:00+00:002022080820228.082022831121am0108008.2022-08-01T00:00:00+00:002022080820228.01am22","2022pm1508598.2022-08-15T23:59:59+00:002022080820228.22UTCpmMon, 15 Aug 2022 23:59:59 +00008pm1508598.2022-08-15T23:59:59+00:002022080820228.0820228311115pm1508598.2022-08-15T23:59:59+00:002022080820228.15pm22",,,"rabi media",1,,,,10,,1,2656813000000,u8304u5b50u306eu63dau3052u6d78u3057uff08u53d6u5206u3051u30b5u30a4u30bauff09u30001u30d1u30c3u30af,2,admin.common.normal
4761,"デルソーレ	ピッツァ各種","2022am0108008.2022-08-01T00:00:00+00:002022080820228.22UTCamMon, 01 Aug 2022 00:00:00 +00008am0108008.2022-08-01T00:00:00+00:002022080820228.082022831121am0108008.2022-08-01T00:00:00+00:002022080820228.01am22","2022pm3108598.2022-08-31T23:59:59+00:002022080820228.22UTCpmWed, 31 Aug 2022 23:59:59 +00008pm3108598.2022-08-31T23:59:59+00:002022080820228.0820228311131pm3108598.2022-08-31T23:59:59+00:002022080820228.31pm22","2022am0108008.2022-08-01T00:00:00+00:002022080820228.22UTCamMon, 01 Aug 2022 00:00:00 +00008am0108008.2022-08-01T00:00:00+00:002022080820228.082022831121am0108008.2022-08-01T00:00:00+00:002022080820228.01am22","2022pm3108598.2022-08-31T23:59:59+00:002022080820228.22UTCpmWed, 31 Aug 2022 23:59:59 +00008pm3108598.2022-08-31T23:59:59+00:002022080820228.0820228311131pm3108598.2022-08-31T23:59:59+00:002022080820228.31pm22",,,"rabi media",1,,,,10,,1,4906690706849,u30dfu30c3u30afu30b9u30d4u30c3u30c4u30a1u3000uff11u679a,1,admin.common.normal
4761,"デルソーレ	ピッツァ各種","2022am0108008.2022-08-01T00:00:00+00:002022080820228.22UTCamMon, 01 Aug 2022 00:00:00 +00008am0108008.2022-08-01T00:00:00+00:002022080820228.082022831121am0108008.2022-08-01T00:00:00+00:002022080820228.01am22","2022pm3108598.2022-08-31T23:59:59+00:002022080820228.22UTCpmWed, 31 Aug 2022 23:59:59 +00008pm3108598.2022-08-31T23:59:59+00:002022080820228.0820228311131pm3108598.2022-08-31T23:59:59+00:002022080820228.31pm22","2022am0108008.2022-08-01T00:00:00+00:002022080820228.22UTCamMon, 01 Aug 2022 00:00:00 +00008am0108008.2022-08-01T00:00:00+00:002022080820228.082022831121am0108008.2022-08-01T00:00:00+00:002022080820228.01am22","2022pm3108598.2022-08-31T23:59:59+00:002022080820228.22UTCpmWed, 31 Aug 2022 23:59:59 +00008pm3108598.2022-08-31T23:59:59+00:002022080820228.0820228311131pm3108598.2022-08-31T23:59:59+00:002022080820228.31pm22",,,"rabi media",1,,,,10,,1,4906690706856,u30d4u30c3u30c4u30a1u30deu30ebu30b2u30eau30fcu30bfu3000uff11u679a,1,admin.common.normal
4761,"デルソーレ	ピッツァ各種","2022am0108008.2022-08-01T00:00:00+00:002022080820228.22UTCamMon, 01 Aug 2022 00:00:00 +00008am0108008.2022-08-01T00:00:00+00:002022080820228.082022831121am0108008.2022-08-01T00:00:00+00:002022080820228.01am22","2022pm3108598.2022-08-31T23:59:59+00:002022080820228.22UTCpmWed, 31 Aug 2022 23:59:59 +00008pm3108598.2022-08-31T23:59:59+00:002022080820228.0820228311131pm3108598.2022-08-31T23:59:59+00:002022080820228.31pm22","2022am0108008.2022-08-01T00:00:00+00:002022080820228.22UTCamMon, 01 Aug 2022 00:00:00 +00008am0108008.2022-08-01T00:00:00+00:002022080820228.082022831121am0108008.2022-08-01T00:00:00+00:002022080820228.01am22","2022pm3108598.2022-08-31T23:59:59+00:002022080820228.22UTCpmWed, 31 Aug 2022 23:59:59 +00008pm3108598.2022-08-31T23:59:59+00:002022080820228.0820228311131pm3108598.2022-08-31T23:59:59+00:002022080820228.31pm22",,,"rabi media",1,,,,10,,1,4906690707242,uff14u7a2eu306eu30c1u30fcu30bau30d4u30c3u30c4u30a1u3000uff11u679a,1,admin.common.normal
4762,"ホソヤ	旨み際立つパリッと春巻・肉汁あふれる焼売","2022am0108008.2022-08-01T00:00:00+00:002022080820228.22UTCamMon, 01 Aug 2022 00:00:00 +00008am0108008.2022-08-01T00:00:00+00:002022080820228.082022831121am0108008.2022-08-01T00:00:00+00:002022080820228.01am22","2022pm3108598.2022-08-31T23:59:59+00:002022080820228.22UTCpmWed, 31 Aug 2022 23:59:59 +00008pm3108598.2022-08-31T23:59:59+00:002022080820228.0820228311131pm3108598.2022-08-31T23:59:59+00:002022080820228.31pm22","2022am0108008.2022-08-01T00:00:00+00:002022080820228.22UTCamMon, 01 Aug 2022 00:00:00 +00008am0108008.2022-08-01T00:00:00+00:002022080820228.082022831121am0108008.2022-08-01T00:00:00+00:002022080820228.01am22","2022pm3108598.2022-08-31T23:59:59+00:002022080820228.22UTCpmWed, 31 Aug 2022 23:59:59 +00008pm3108598.2022-08-31T23:59:59+00:002022080820228.0820228311131pm3108598.2022-08-31T23:59:59+00:002022080820228.31pm22",,,"rabi media",1,,,,10,,1,4977739120834,u65e8u307fu969bu7acbu3064u30d1u30eau30c3u3068u6625u5dfbu3000uff15u672cu5165,1,admin.common.normal
4762,"ホソヤ	旨み際立つパリッと春巻・肉汁あふれる焼売","2022am0108008.2022-08-01T00:00:00+00:002022080820228.22UTCamMon, 01 Aug 2022 00:00:00 +00008am0108008.2022-08-01T00:00:00+00:002022080820228.082022831121am0108008.2022-08-01T00:00:00+00:002022080820228.01am22","2022pm3108598.2022-08-31T23:59:59+00:002022080820228.22UTCpmWed, 31 Aug 2022 23:59:59 +00008pm3108598.2022-08-31T23:59:59+00:002022080820228.0820228311131pm3108598.2022-08-31T23:59:59+00:002022080820228.31pm22","2022am0108008.2022-08-01T00:00:00+00:002022080820228.22UTCamMon, 01 Aug 2022 00:00:00 +00008am0108008.2022-08-01T00:00:00+00:002022080820228.082022831121am0108008.2022-08-01T00:00:00+00:002022080820228.01am22","2022pm3108598.2022-08-31T23:59:59+00:002022080820228.22UTCpmWed, 31 Aug 2022 23:59:59 +00008pm3108598.2022-08-31T23:59:59+00:002022080820228.0820228311131pm3108598.2022-08-31T23:59:59+00:002022080820228.31pm22",,,"rabi media",1,,,,10,,1,4977739152033,u8089u6c41u3042u3075u308cu308bu713cu58f2u3000uff16u30b3u5165,1,admin.common.normal
4763,"ハマヤ	珈琲専門店用アイスコーヒー","2022am0108008.2022-08-01T00:00:00+00:002022080820228.22UTCamMon, 01 Aug 2022 00:00:00 +00008am0108008.2022-08-01T00:00:00+00:002022080820228.082022831121am0108008.2022-08-01T00:00:00+00:002022080820228.01am22","2022pm3108598.2022-08-31T23:59:59+00:002022080820228.22UTCpmWed, 31 Aug 2022 23:59:59 +00008pm3108598.2022-08-31T23:59:59+00:002022080820228.0820228311131pm3108598.2022-08-31T23:59:59+00:002022080820228.31pm22","2022am0108008.2022-08-01T00:00:00+00:002022080820228.22UTCamMon, 01 Aug 2022 00:00:00 +00008am0108008.2022-08-01T00:00:00+00:002022080820228.082022831121am0108008.2022-08-01T00:00:00+00:002022080820228.01am22","2022pm3108598.2022-08-31T23:59:59+00:002022080820228.22UTCpmWed, 31 Aug 2022 23:59:59 +00008pm3108598.2022-08-31T23:59:59+00:002022080820228.0820228311131pm3108598.2022-08-31T23:59:59+00:002022080820228.31pm22",,,"rabi media",1,,,,15,,1,4976610028139,u73c8u7432u5c02u9580u5e97u7528u30a2u30a4u30b9u30b3u30fcu30d2u30fcu3000uff11uff10uff10uff10uff4duff4c,1,admin.common.normal
4764,"【1回限り】ごちそうソース","2022am0108008.2022-08-01T00:00:00+00:002022080820228.22UTCamMon, 01 Aug 2022 00:00:00 +00008am0108008.2022-08-01T00:00:00+00:002022080820228.082022831121am0108008.2022-08-01T00:00:00+00:002022080820228.01am22","2022pm3108598.2022-08-31T23:59:59+00:002022080820228.22UTCpmWed, 31 Aug 2022 23:59:59 +00008pm3108598.2022-08-31T23:59:59+00:002022080820228.0820228311131pm3108598.2022-08-31T23:59:59+00:002022080820228.31pm22","2022am0108008.2022-08-01T00:00:00+00:002022080820228.22UTCamMon, 01 Aug 2022 00:00:00 +00008am0108008.2022-08-01T00:00:00+00:002022080820228.082022831121am0108008.2022-08-01T00:00:00+00:002022080820228.01am22","2022pm3108598.2022-08-31T23:59:59+00:002022080820228.22UTCpmWed, 31 Aug 2022 23:59:59 +00008pm3108598.2022-08-31T23:59:59+00:002022080820228.0820228311131pm3108598.2022-08-31T23:59:59+00:002022080820228.31pm22",,,"rabi media",1,,,,50,,1,4901136853590,u3054u3061u305du3046u30bdu30fcu30b9u3000uff13uff16uff10uff47,1,admin.common.normal
4765,"松谷海苔	淡路島産一番摘み味付のり・手巻き海苔","2022am0108008.2022-08-01T00:00:00+00:002022080820228.22UTCamMon, 01 Aug 2022 00:00:00 +00008am0108008.2022-08-01T00:00:00+00:002022080820228.082022831121am0108008.2022-08-01T00:00:00+00:002022080820228.01am22","2022pm3108598.2022-08-31T23:59:59+00:002022080820228.22UTCpmWed, 31 Aug 2022 23:59:59 +00008pm3108598.2022-08-31T23:59:59+00:002022080820228.0820228311131pm3108598.2022-08-31T23:59:59+00:002022080820228.31pm22","2022am0108008.2022-08-01T00:00:00+00:002022080820228.22UTCamMon, 01 Aug 2022 00:00:00 +00008am0108008.2022-08-01T00:00:00+00:002022080820228.082022831121am0108008.2022-08-01T00:00:00+00:002022080820228.01am22","2022pm3108598.2022-08-31T23:59:59+00:002022080820228.22UTCpmWed, 31 Aug 2022 23:59:59 +00008pm3108598.2022-08-31T23:59:59+00:002022080820228.0820228311131pm3108598.2022-08-31T23:59:59+00:002022080820228.31pm22",,,"rabi media",1,,,,20,,1,4978241213045,u6de1u8defu5cf6u7523u4e00u756au6458u307fu5473u4ed8u306eu308au3000uff18u5207uff15uff16u679a,1,admin.common.normal
4765,"松谷海苔	淡路島産一番摘み味付のり・手巻き海苔","2022am0108008.2022-08-01T00:00:00+00:002022080820228.22UTCamMon, 01 Aug 2022 00:00:00 +00008am0108008.2022-08-01T00:00:00+00:002022080820228.082022831121am0108008.2022-08-01T00:00:00+00:002022080820228.01am22","2022pm3108598.2022-08-31T23:59:59+00:002022080820228.22UTCpmWed, 31 Aug 2022 23:59:59 +00008pm3108598.2022-08-31T23:59:59+00:002022080820228.0820228311131pm3108598.2022-08-31T23:59:59+00:002022080820228.31pm22","2022am0108008.2022-08-01T00:00:00+00:002022080820228.22UTCamMon, 01 Aug 2022 00:00:00 +00008am0108008.2022-08-01T00:00:00+00:002022080820228.082022831121am0108008.2022-08-01T00:00:00+00:002022080820228.01am22","2022pm3108598.2022-08-31T23:59:59+00:002022080820228.22UTCpmWed, 31 Aug 2022 23:59:59 +00008pm3108598.2022-08-31T23:59:59+00:002022080820228.0820228311131pm3108598.2022-08-31T23:59:59+00:002022080820228.31pm22",,,"rabi media",1,,,,20,,1,4978241300233,u6de1u8defu5cf6u7523u4e00u756au6458u307fu624bu5dfbu306eu308au3000uff12u5207uff12uff10u679a,1,admin.common.normal
4769,"阪急味ハートフルデイズ	ロースハム４連","2022am0108008.2022-08-01T00:00:00+00:002022080820228.22UTCamMon, 01 Aug 2022 00:00:00 +00008am0108008.2022-08-01T00:00:00+00:002022080820228.082022831121am0108008.2022-08-01T00:00:00+00:002022080820228.01am22","2022pm1508598.2022-08-15T23:59:59+00:002022080820228.22UTCpmMon, 15 Aug 2022 23:59:59 +00008pm1508598.2022-08-15T23:59:59+00:002022080820228.0820228311115pm1508598.2022-08-15T23:59:59+00:002022080820228.15pm22","2022am0108008.2022-08-01T00:00:00+00:002022080820228.22UTCamMon, 01 Aug 2022 00:00:00 +00008am0108008.2022-08-01T00:00:00+00:002022080820228.082022831121am0108008.2022-08-01T00:00:00+00:002022080820228.01am22","2022pm1508598.2022-08-15T23:59:59+00:002022080820228.22UTCpmMon, 15 Aug 2022 23:59:59 +00008pm1508598.2022-08-15T23:59:59+00:002022080820228.0820228311115pm1508598.2022-08-15T23:59:59+00:002022080820228.15pm22",,,"rabi media",1,,,,5,,1,4562248664483,u30edu30fcu30b9u30cfu30e0uff14u9023u3000uff11uff16uff10uff47,1,admin.common.normal
4770,"井村屋	あずきバー","2022am0108008.2022-08-01T00:00:00+00:002022080820228.22UTCamMon, 01 Aug 2022 00:00:00 +00008am0108008.2022-08-01T00:00:00+00:002022080820228.082022831121am0108008.2022-08-01T00:00:00+00:002022080820228.01am22","2022pm1508598.2022-08-15T23:59:59+00:002022080820228.22UTCpmMon, 15 Aug 2022 23:59:59 +00008pm1508598.2022-08-15T23:59:59+00:002022080820228.0820228311115pm1508598.2022-08-15T23:59:59+00:002022080820228.15pm22","2022am0108008.2022-08-01T00:00:00+00:002022080820228.22UTCamMon, 01 Aug 2022 00:00:00 +00008am0108008.2022-08-01T00:00:00+00:002022080820228.082022831121am0108008.2022-08-01T00:00:00+00:002022080820228.01am22","2022pm1508598.2022-08-15T23:59:59+00:002022080820228.22UTCpmMon, 15 Aug 2022 23:59:59 +00008pm1508598.2022-08-15T23:59:59+00:002022080820228.0820228311115pm1508598.2022-08-15T23:59:59+00:002022080820228.15pm22",,,"rabi media",1,,,,10,,1,4901006219167,"u3042u305au304du30d0u30fc  uff16u672cu5165u3000",1,admin.common.normal
4770,"井村屋	あずきバー","2022am0108008.2022-08-01T00:00:00+00:002022080820228.22UTCamMon, 01 Aug 2022 00:00:00 +00008am0108008.2022-08-01T00:00:00+00:002022080820228.082022831121am0108008.2022-08-01T00:00:00+00:002022080820228.01am22","2022pm1508598.2022-08-15T23:59:59+00:002022080820228.22UTCpmMon, 15 Aug 2022 23:59:59 +00008pm1508598.2022-08-15T23:59:59+00:002022080820228.0820228311115pm1508598.2022-08-15T23:59:59+00:002022080820228.15pm22","2022am0108008.2022-08-01T00:00:00+00:002022080820228.22UTCamMon, 01 Aug 2022 00:00:00 +00008am0108008.2022-08-01T00:00:00+00:002022080820228.082022831121am0108008.2022-08-01T00:00:00+00:002022080820228.01am22","2022pm1508598.2022-08-15T23:59:59+00:002022080820228.22UTCpmMon, 15 Aug 2022 23:59:59 +00008pm1508598.2022-08-15T23:59:59+00:002022080820228.0820228311115pm1508598.2022-08-15T23:59:59+00:002022080820228.15pm22",,,"rabi media",10,,,,10,,1,,,,admin.common.normal
4771,"オハヨー乳業	BRULEE・ BRULEEチョコ","2022am0108008.2022-08-01T00:00:00+00:002022080820228.22UTCamMon, 01 Aug 2022 00:00:00 +00008am0108008.2022-08-01T00:00:00+00:002022080820228.082022831121am0108008.2022-08-01T00:00:00+00:002022080820228.01am22","2022pm3108598.2022-08-31T23:59:59+00:002022080820228.22UTCpmWed, 31 Aug 2022 23:59:59 +00008pm3108598.2022-08-31T23:59:59+00:002022080820228.0820228311131pm3108598.2022-08-31T23:59:59+00:002022080820228.31pm22","2022am0108008.2022-08-01T00:00:00+00:002022080820228.22UTCamMon, 01 Aug 2022 00:00:00 +00008am0108008.2022-08-01T00:00:00+00:002022080820228.082022831121am0108008.2022-08-01T00:00:00+00:002022080820228.01am22","2022pm3108598.2022-08-31T23:59:59+00:002022080820228.22UTCpmWed, 31 Aug 2022 23:59:59 +00008pm3108598.2022-08-31T23:59:59+00:002022080820228.0820228311131pm3108598.2022-08-31T23:59:59+00:002022080820228.31pm22",,,"rabi media",1,,,,20,,1,4970020120117,uff22uff32uff35uff2cuff25uff25uff08u30d6u30eau30e5u30ecuff09u3000uff11uff10uff14uff4duff4c,1,admin.common.normal
4771,"オハヨー乳業	BRULEE・ BRULEEチョコ","2022am0108008.2022-08-01T00:00:00+00:002022080820228.22UTCamMon, 01 Aug 2022 00:00:00 +00008am0108008.2022-08-01T00:00:00+00:002022080820228.082022831121am0108008.2022-08-01T00:00:00+00:002022080820228.01am22","2022pm3108598.2022-08-31T23:59:59+00:002022080820228.22UTCpmWed, 31 Aug 2022 23:59:59 +00008pm3108598.2022-08-31T23:59:59+00:002022080820228.0820228311131pm3108598.2022-08-31T23:59:59+00:002022080820228.31pm22","2022am0108008.2022-08-01T00:00:00+00:002022080820228.22UTCamMon, 01 Aug 2022 00:00:00 +00008am0108008.2022-08-01T00:00:00+00:002022080820228.082022831121am0108008.2022-08-01T00:00:00+00:002022080820228.01am22","2022pm3108598.2022-08-31T23:59:59+00:002022080820228.22UTCpmWed, 31 Aug 2022 23:59:59 +00008pm3108598.2022-08-31T23:59:59+00:002022080820228.0820228311131pm3108598.2022-08-31T23:59:59+00:002022080820228.31pm22",,,"rabi media",1,,,,20,,1,4970020120124,uff22uff32uff35uff2cuff25uff25uff08u30d6u30eau30e5u30ecuff09u30c1u30e7u30b3u3000uff11uff10uff14uff4duff4c,1,admin.common.normal
4772,カロリーメイト各種　1回のお会計で4つ購入で100ポイント,"2022am0108008.2022-08-01T00:00:00+00:002022080820228.22UTCamMon, 01 Aug 2022 00:00:00 +00008am0108008.2022-08-01T00:00:00+00:002022080820228.082022831121am0108008.2022-08-01T00:00:00+00:002022080820228.01am22","2022pm3108598.2022-08-31T23:59:59+00:002022080820228.22UTCpmWed, 31 Aug 2022 23:59:59 +00008pm3108598.2022-08-31T23:59:59+00:002022080820228.0820228311131pm3108598.2022-08-31T23:59:59+00:002022080820228.31pm22","2022am0108008.2022-08-01T00:00:00+00:002022080820228.22UTCamMon, 01 Aug 2022 00:00:00 +00008am0108008.2022-08-01T00:00:00+00:002022080820228.082022831121am0108008.2022-08-01T00:00:00+00:002022080820228.01am22","2022pm3108598.2022-08-31T23:59:59+00:002022080820228.22UTCpmWed, 31 Aug 2022 23:59:59 +00008pm3108598.2022-08-31T23:59:59+00:002022080820228.0820228311131pm3108598.2022-08-31T23:59:59+00:002022080820228.31pm22",,,"rabi media",4,,,,100,,1,4987035032410,u30abu30edu30eau30fcu30e1u30a4u30c8u30d6u30edu30c3u30afu3000u30e1u30fcu30d7u30ebu5473u3000uff14u672cuff08uff18uff10uff47uff09,1,admin.common.normal
4772,カロリーメイト各種　1回のお会計で4つ購入で100ポイント,"2022am0108008.2022-08-01T00:00:00+00:002022080820228.22UTCamMon, 01 Aug 2022 00:00:00 +00008am0108008.2022-08-01T00:00:00+00:002022080820228.082022831121am0108008.2022-08-01T00:00:00+00:002022080820228.01am22","2022pm3108598.2022-08-31T23:59:59+00:002022080820228.22UTCpmWed, 31 Aug 2022 23:59:59 +00008pm3108598.2022-08-31T23:59:59+00:002022080820228.0820228311131pm3108598.2022-08-31T23:59:59+00:002022080820228.31pm22","2022am0108008.2022-08-01T00:00:00+00:002022080820228.22UTCamMon, 01 Aug 2022 00:00:00 +00008am0108008.2022-08-01T00:00:00+00:002022080820228.082022831121am0108008.2022-08-01T00:00:00+00:002022080820228.01am22","2022pm3108598.2022-08-31T23:59:59+00:002022080820228.22UTCpmWed, 31 Aug 2022 23:59:59 +00008pm3108598.2022-08-31T23:59:59+00:002022080820228.0820228311131pm3108598.2022-08-31T23:59:59+00:002022080820228.31pm22",,,"rabi media",4,,,,100,,1,4987035090014,u30abu30edu30eau30fcu30e1u30a4u30c8u3000u30d6u30edu30c3u30afu3000u30d5u30ebu30fcu30c4u5473u3000uff14u672cuff08uff18uff10uff47uff09,1,admin.common.normal
4772,カロリーメイト各種　1回のお会計で4つ購入で100ポイント,"2022am0108008.2022-08-01T00:00:00+00:002022080820228.22UTCamMon, 01 Aug 2022 00:00:00 +00008am0108008.2022-08-01T00:00:00+00:002022080820228.082022831121am0108008.2022-08-01T00:00:00+00:002022080820228.01am22","2022pm3108598.2022-08-31T23:59:59+00:002022080820228.22UTCpmWed, 31 Aug 2022 23:59:59 +00008pm3108598.2022-08-31T23:59:59+00:002022080820228.0820228311131pm3108598.2022-08-31T23:59:59+00:002022080820228.31pm22","2022am0108008.2022-08-01T00:00:00+00:002022080820228.22UTCamMon, 01 Aug 2022 00:00:00 +00008am0108008.2022-08-01T00:00:00+00:002022080820228.082022831121am0108008.2022-08-01T00:00:00+00:002022080820228.01am22","2022pm3108598.2022-08-31T23:59:59+00:002022080820228.22UTCpmWed, 31 Aug 2022 23:59:59 +00008pm3108598.2022-08-31T23:59:59+00:002022080820228.0820228311131pm3108598.2022-08-31T23:59:59+00:002022080820228.31pm22",,,"rabi media",4,,,,100,,1,4987035090113,u30abu30edu30eau30fcu30e1u30a4u30c8u30d6u30edu30c3u30afu3000u30c1u30fcu30bau5473u3000uff14u672cuff08uff18uff10uff47uff09,1,admin.common.normal
4772,カロリーメイト各種　1回のお会計で4つ購入で100ポイント,"2022am0108008.2022-08-01T00:00:00+00:002022080820228.22UTCamMon, 01 Aug 2022 00:00:00 +00008am0108008.2022-08-01T00:00:00+00:002022080820228.082022831121am0108008.2022-08-01T00:00:00+00:002022080820228.01am22","2022pm3108598.2022-08-31T23:59:59+00:002022080820228.22UTCpmWed, 31 Aug 2022 23:59:59 +00008pm3108598.2022-08-31T23:59:59+00:002022080820228.0820228311131pm3108598.2022-08-31T23:59:59+00:002022080820228.31pm22","2022am0108008.2022-08-01T00:00:00+00:002022080820228.22UTCamMon, 01 Aug 2022 00:00:00 +00008am0108008.2022-08-01T00:00:00+00:002022080820228.082022831121am0108008.2022-08-01T00:00:00+00:002022080820228.01am22","2022pm3108598.2022-08-31T23:59:59+00:002022080820228.22UTCpmWed, 31 Aug 2022 23:59:59 +00008pm3108598.2022-08-31T23:59:59+00:002022080820228.0820228311131pm3108598.2022-08-31T23:59:59+00:002022080820228.31pm22",,,"rabi media",4,,,,100,,1,4987035092216,u30abu30edu30eau30fcu30e1u30a4u30c8u30d6u30edu30c3u30afu3000u30c1u30e7u30b3u30ecu30fcu30c8u5473u3000uff14u672cuff08uff18uff10uff47uff09,1,admin.common.normal
4772,カロリーメイト各種　1回のお会計で4つ購入で100ポイント,"2022am0108008.2022-08-01T00:00:00+00:002022080820228.22UTCamMon, 01 Aug 2022 00:00:00 +00008am0108008.2022-08-01T00:00:00+00:002022080820228.082022831121am0108008.2022-08-01T00:00:00+00:002022080820228.01am22","2022pm3108598.2022-08-31T23:59:59+00:002022080820228.22UTCpmWed, 31 Aug 2022 23:59:59 +00008pm3108598.2022-08-31T23:59:59+00:002022080820228.0820228311131pm3108598.2022-08-31T23:59:59+00:002022080820228.31pm22","2022am0108008.2022-08-01T00:00:00+00:002022080820228.22UTCamMon, 01 Aug 2022 00:00:00 +00008am0108008.2022-08-01T00:00:00+00:002022080820228.082022831121am0108008.2022-08-01T00:00:00+00:002022080820228.01am22","2022pm3108598.2022-08-31T23:59:59+00:002022080820228.22UTCpmWed, 31 Aug 2022 23:59:59 +00008pm3108598.2022-08-31T23:59:59+00:002022080820228.0820228311131pm3108598.2022-08-31T23:59:59+00:002022080820228.31pm22",,,"rabi media",4,,,,100,,1,4987035140610,u30abu30edu30eau30fcu30e1u30a4u30c8u30bcu30eau30fcu3000u30a2u30c3u30d7u30ebu5473u3000uff12uff11uff15uff47,1,admin.common.normal
4772,カロリーメイト各種　1回のお会計で4つ購入で100ポイント,"2022am0108008.2022-08-01T00:00:00+00:002022080820228.22UTCamMon, 01 Aug 2022 00:00:00 +00008am0108008.2022-08-01T00:00:00+00:002022080820228.082022831121am0108008.2022-08-01T00:00:00+00:002022080820228.01am22","2022pm3108598.2022-08-31T23:59:59+00:002022080820228.22UTCpmWed, 31 Aug 2022 23:59:59 +00008pm3108598.2022-08-31T23:59:59+00:002022080820228.0820228311131pm3108598.2022-08-31T23:59:59+00:002022080820228.31pm22","2022am0108008.2022-08-01T00:00:00+00:002022080820228.22UTCamMon, 01 Aug 2022 00:00:00 +00008am0108008.2022-08-01T00:00:00+00:002022080820228.082022831121am0108008.2022-08-01T00:00:00+00:002022080820228.01am22","2022pm3108598.2022-08-31T23:59:59+00:002022080820228.22UTCpmWed, 31 Aug 2022 23:59:59 +00008pm3108598.2022-08-31T23:59:59+00:002022080820228.0820228311131pm3108598.2022-08-31T23:59:59+00:002022080820228.31pm22",,,"rabi media",4,,,,100,,1,4987035350217,u30abu30edu30eau30fcu30e1u30a4u30c8u30eau30adu30c3u30c9u3000u30abu30d5u30a7u30aau30ecu5473u3000uff12uff10uff10uff4duff4c,1,admin.common.normal
4772,カロリーメイト各種　1回のお会計で4つ購入で100ポイント,"2022am0108008.2022-08-01T00:00:00+00:002022080820228.22UTCamMon, 01 Aug 2022 00:00:00 +00008am0108008.2022-08-01T00:00:00+00:002022080820228.082022831121am0108008.2022-08-01T00:00:00+00:002022080820228.01am22","2022pm3108598.2022-08-31T23:59:59+00:002022080820228.22UTCpmWed, 31 Aug 2022 23:59:59 +00008pm3108598.2022-08-31T23:59:59+00:002022080820228.0820228311131pm3108598.2022-08-31T23:59:59+00:002022080820228.31pm22","2022am0108008.2022-08-01T00:00:00+00:002022080820228.22UTCamMon, 01 Aug 2022 00:00:00 +00008am0108008.2022-08-01T00:00:00+00:002022080820228.082022831121am0108008.2022-08-01T00:00:00+00:002022080820228.01am22","2022pm3108598.2022-08-31T23:59:59+00:002022080820228.22UTCpmWed, 31 Aug 2022 23:59:59 +00008pm3108598.2022-08-31T23:59:59+00:002022080820228.0820228311131pm3108598.2022-08-31T23:59:59+00:002022080820228.31pm22",,,"rabi media",4,,,,100,,1,4987035350316,u30abu30edu30eau30fcu30e1u30a4u30c8u30eau30adu30c3u30c9u3000u30d5u30ebu30fcu30c4u30dfu30c3u30afu30b9u3000uff12uff10uff10uff4duff4c,1,admin.common.normal
4772,カロリーメイト各種　1回のお会計で4つ購入で100ポイント,"2022am0108008.2022-08-01T00:00:00+00:002022080820228.22UTCamMon, 01 Aug 2022 00:00:00 +00008am0108008.2022-08-01T00:00:00+00:002022080820228.082022831121am0108008.2022-08-01T00:00:00+00:002022080820228.01am22","2022pm3108598.2022-08-31T23:59:59+00:002022080820228.22UTCpmWed, 31 Aug 2022 23:59:59 +00008pm3108598.2022-08-31T23:59:59+00:002022080820228.0820228311131pm3108598.2022-08-31T23:59:59+00:002022080820228.31pm22","2022am0108008.2022-08-01T00:00:00+00:002022080820228.22UTCamMon, 01 Aug 2022 00:00:00 +00008am0108008.2022-08-01T00:00:00+00:002022080820228.082022831121am0108008.2022-08-01T00:00:00+00:002022080820228.01am22","2022pm3108598.2022-08-31T23:59:59+00:002022080820228.22UTCpmWed, 31 Aug 2022 23:59:59 +00008pm3108598.2022-08-31T23:59:59+00:002022080820228.0820228311131pm3108598.2022-08-31T23:59:59+00:002022080820228.31pm22",,,"rabi media",4,,,,100,,1,4987035350415,u30abu30edu30eau30fcu30e1u30a4u30c8u30eau30adu30c3u30c9u3000u30e8u30fcu30b0u31fdu30c8u5473u3000uff12uff10uff10uff4duff4c,1,admin.common.normal
4772,カロリーメイト各種　1回のお会計で4つ購入で100ポイント,"2022am0108008.2022-08-01T00:00:00+00:002022080820228.22UTCamMon, 01 Aug 2022 00:00:00 +00008am0108008.2022-08-01T00:00:00+00:002022080820228.082022831121am0108008.2022-08-01T00:00:00+00:002022080820228.01am22","2022pm3108598.2022-08-31T23:59:59+00:002022080820228.22UTCpmWed, 31 Aug 2022 23:59:59 +00008pm3108598.2022-08-31T23:59:59+00:002022080820228.0820228311131pm3108598.2022-08-31T23:59:59+00:002022080820228.31pm22","2022am0108008.2022-08-01T00:00:00+00:002022080820228.22UTCamMon, 01 Aug 2022 00:00:00 +00008am0108008.2022-08-01T00:00:00+00:002022080820228.082022831121am0108008.2022-08-01T00:00:00+00:002022080820228.01am22","2022pm3108598.2022-08-31T23:59:59+00:002022080820228.22UTCpmWed, 31 Aug 2022 23:59:59 +00008pm3108598.2022-08-31T23:59:59+00:002022080820228.0820228311131pm3108598.2022-08-31T23:59:59+00:002022080820228.31pm22",,,"rabi media",4,,,,100,,1,4987035648918,u30abu30edu30eau30fcu30e1u30a4u30c8u3000u30d0u30cbu30e9u5473u3000uff14u672cuff08uff18uff10uff47uff09,1,admin.common.normal
